Producto,Precio
Memoria RAM ValueRAM 1GB 1 Kingston KVR333X64C3A/1G,19
Mouse Ergonómico Inalambrico Vertical Recargable Laptop Pc,19
Parlantes Para Computadora Pc Laptop Con Luces Ritmicas 6w,16
Memoria Ram Ddr1 Kingston 1gb So-dimm Pc-2700 333mhz Laptop,19
Placa Mainboard Lenovo Ideapad 3 Nm-d031 Gs554/454 Intel I7,220
Laptop Hp G8 Windows11 Hdmi 15.6 Pulgadas Core I5,425
Espuma Limpiador 650ml Laptops Computadoras Tablet Tapicerí,6
Laptop Dell G15 5520 Gaming 165hz Win11 15.6 Core I7,1.429
Memorias Ram Para Laptop Y Pc De Escritorio Ddr3 Ddr4 4/8gb,23
Juego De Herramientas 112 Piezas  Laptop Celular Computador,20
Memoria Ram Ddr3 Ddr4 4gb 8gb Laptop Pc Kingston Hyper X,23
Ltc Mantenimiento Y Limpieza Computador Pc Laptop Impresora,15
Laptop Asus M415da- 4gb-128 Memoria Interna Tarjeta Grafica,309
Laptop Dell Optiplex 3090 Ultra Thin Form Factor Win 11 Pro,609
Volante Pedal Palanca Juegos Computador Pc Laptop Ps2 Ps3,65
Pasta Térmica Arctic Mx4 20gr 20 Gramos Enfria Cpu Gpu +,29
"Mouse Bluetooth, Inalámbrico Recargable Tablet Laptop Pc",15
Mainboard Gateway Gwtn156-1 Gwtn141-4 Ci5-1035g1 16gb Ram,150
Ltc Mantenimiento Y Limpieza Computador Pc Laptop Impresora,15
Pasta Térmica Arctic Mx4 20gr 20 Gramos Enfria Cpu Gpu +,29
Mouse Ergónomico Vertical Inalambrico Recargable Laptop Pc,13
Estuche Bolso De 13 14 15 16 Para Laptop Macbook Computador,15
Computador Portatil Hp 240 G9 Celeron N4500 Ddr4-2933/ 256gb,311
Sopladora Aspiradora Blower 750w Para Computadora Pc Laptop,26
Laptop Limpiador Gel Super Clean Para Zonas Difíciles,5
Hp G4 G6 G7 649948-001 Mainboard Amd 638856-001 640223-001,98
Laptop Dell Inspiron Core I7 + 8gb Ram + 256gb Nvme +1tb Hdd,899
Mini Mesa De Computador Portatil Plegable Soporte Laptop,18
Mouse Bluetooth Tablet Laptop Pc Original Garantía Local,12
Mouse Gamer 7 Teclas 1600 Dpi Retroiluminado Pc Laptop,8
Regulador De Voltaje De Computador Laptop 600w 1000va,16
Bluetooth Version 5.0 Tp-link Ub500 Para Pc Laptop,12
Mainboard Lenovo V15 G3 P/n:5b21h70602 Mbl82ts Nok I51235u,240
Kx Keypad Num Knp-110 Wireless  Otec Idioma No Aplica Color Del Teclado No Aplica,16
"Teclado Numerico Usb, Diseño Slim, Laptop Portatil Pc",8
Audífono Con Micrófono Laptop Pc Cómputadora Weilishi W-750,5
Laptop Dell G5 5500 Gaming Core I5 Android,999
Mouse Vertical Inalambrico Recargable Color Negro,21
Mainboard Hp 240 G6 Con Procesador  Intel N3060 925425-601,98
Mainboard Lenovo Ideapad 3-15iil05 Intel I3-1005 Motherboard,278
Mouse Inalambrico Slim 2.4ghz Para Pc Laptop,5
Adaptador/cargador Universal Computadora Portátil 110-240,27
Mainboard Lenovo G40-70 Aclu1/aclu2 Nm-a272 Con Procesad I5,179
Electrónica Tarjetas Mainboard Laptop Bateria Teclado Pedido,250
Lector Grabador De Cd Dvd Rw Drive Usb 2.0 Slim Portable,29
"Computadora Portátil, Core I7, 32gb Ram, 512gb Ssd, Nv",696
Protector Skyn Chilibyte Pb02-02 Laptop Varias Medidas Model,1
"Micrófono Fifine K651 Rgb con kit de transmisión de podcasts, color negro",125
Laptop Elitebook Touchscreen Win 10 Pro,709
Mantenimiento - Formateo - De Computadores Y Laptop,19
Mesa Para Laptop Plegable Computadora Ergonomica Electronics,29
Mouse Inalambrico Wireless Slim Pc Laptop,4
Mesa Para Laptop Plegable Computadora Ergonomica Electronics,29
Mouse Inalambrico Wireless Slim Pc Laptop,4
Protector De Silicón Teclado Laptop 15.6 Pulgadas 36x13.2cm,2
Asus Vivobook X1502z  Core I7-1250p 256gb 12gb 15.6fhd Win11 Color Gris Silver,675
Teclado Wireless Inalambrico Pc Laptop Genius Meetion,20
Mouse Ergónomico Vertical Alambrico Recargable Laptop Pc,10
Mainboard Lenovo Yoga 500-14ibd Flex 3-1470 Intel I3 5005u,80
Hp 15t-ac000 15-ac Procesador 3825u Mainboard 823922-001,98
Computador Todo En Uno Lenovo-i5-12va Ssd 256+1tb/16gb/led20,575
Ltc Mantenimiento Y Limpieza Computador Pc Laptop Impresora,15
Adaptador Bluetooth Para Computadora Usb Mini Laptop O Pc,4
Nv156fhm-n4h Pantalla Laptop Ips Fhd 30 Pines Lenovo Hp Dell,125
Asus Rog Strix G15 G512 Intel I5-10300h I7-10750h Gtx1650ti,22
APC Easy UPS BV1000I-MS 1000VA entrada y salida de 230V negro,109
Memoria RAM Viper RGB gamer color negro 16GB 2 Patriot PVR416G320C6K,73
Mouse Ergonómico Para Zurdo Vertical Inalámbrico Laptop Pc,12
Key Pad Ergonomico Para Teclado Laptop Reposa Muñeca Lavable,14
Protector Silicona Teclado Polvo Liquido Laptop 15.6´ Pulgad,6
Pasta Térmica Arctic Mx4 20gr 20 Gramos Enfria Cpu Gpu +,29
Mini Mesa De Computador Portatil Plegable Soporte Laptop,18
Mouse Óptico Klip Xtreme Vortex Inalambrico Pc Notebook Y + Color Negro,15
Memoria Ram Kingston 8gb Ddr3 Pc3-10600 1333mh Sodimm Laptop,44
"Teclado Numerico Inalambrico, Diseño Slim Laptop Portatil Pc",9
Notebook Hp 240 G7 Core I3-1005g1 4gb Ram - 1tb - Win10 Home,499
Mainboard Lenovo Ideapad Flex 5 P/n: 5b21b84832 R5 5500u 8gb,220
Mainboard Hp Envy 17-j 17-j184nr Hm87 720267-501 720267-001,169
Toshiba Satellite S55t-b Intel I7-4710hq Mainboard A00030051,189
Audífono Con Microfono Computadora Laptop Pc Plug 3.5 Mm,2
Adaptador Bluetooth Computadora Usb V4.0 Laptop Pc W7 W8 W10,7
Lenovo Ideapad 100s-14ibr Intel N3060 2gb Ram 32gb Mainboard,99
Placa Madre Para Laptop Asus Q406da Ux462da Ryzen 5@2.10,283
Toshiba Satellite C55-c5241 Mainboard Intel I5 A000393950,198
Cable Adaptador De Hdmi A Vga Audio Tv Monitor  Pc Laptop Tv,15
Mica Protector Silicon Para Teclado Laptop 14 Y 15.6 Pulgada,3
Memoria Ram Delaptop So-dimm Pc3l 8gb 1600 Portátil 12800,24
"Protector De Teclado Para Laptop 15,6''",3
Dell Inspiron 7368 7569 Laptop Mainboard Intel I7-6560 77g1m,198
Mainboard Placa Motherboard Asus X501u X401u-m3 Amd E1-1200,88
Memoria Ram Kingston 8gb Ddr4 Pc4-25600 3200mhz Sodimm Lapto,44
Mouse Optico Microsoft 600 X821908-014 Usb Resistente,7
Protector Silicona Teclado Polvo Liquido Laptop 14´ Pulgadas,4
Laptop Para Niños Con Actividades,86
Protector Silicona Teclado Polvo Liquido Laptop 14´ Pulgadas,4
Mouse mini Genius  Micro Traveler rubí,9
Protector De Teclado Para Laptop 14'',2
Fuente Poder Hp 901909-002 280w Series Prodesk 600/800 G2,69
Control Remoto Laptop Hp Dv2000 Wifi Mp3 Usb Gb Hd Sd 4g 3g,6
Computadora Laptop Para Niños,60
Laptop Dell Inspiron 3520 Notebook 15,767
Mainboard Placa Principal Lenovo Think Centre M90p Motherboa,79
"Teclado Numerico Retractil, Diseño Slim, Laptop Portatil Pc",8
"Audifonos Para Computara Pc Laptop Mebole Pc-900, Microfono",5
Mouse Ergonómico Vertical Inalámbrico Recargable Laptop Pc,12
